campaign_id,campaign_name,channel,campaign_type,objective,start_date,end_date,budget
CAMP001,Awareness_SMS_001,SMS,Awareness,Sales,2024-04-17,2024-09-06,1682400
CAMP002,Consideration_SMS_002,SMS,Consideration,Sales,2023-03-23,2023-07-17,1694900
CAMP003,Conversion_Display_003,Display,Conversion,Retention,2024-01-31,2024-07-18,1611300
CAMP004,Conversion_SMS_004,SMS,Conversion,Lead Generation,2023-04-06,2023-09-11,1810100
CAMP005,Conversion_SMS_005,SMS,Conversion,Retention,2023-07-14,2023-12-01,517700
CAMP006,Consideration_Paid Search_006,Paid Search,Consideration,Lead Generation,2023-11-14,2024-03-09,1960100
CAMP007,Retention_Influencer_007,Influencer,Retention,Sales,2024-01-17,2024-03-23,675300
CAMP008,Awareness_Paid Search_008,Paid Search,Awareness,Sales,2024-04-08,2024-07-03,1613900
CAMP009,Consideration_Social Media_009,Social Media,Consideration,Retention,2023-01-24,2023-03-04,1179700
CAMP010,Awareness_Affiliate_010,Affiliate,Awareness,Sales,2023-04-15,2023-07-03,1569900
CAMP011,Consideration_Affiliate_011,Affiliate,Consideration,Lead Generation,2023-05-29,2023-11-13,1274200
CAMP012,Retention_Email_012,Email,Retention,Brand Awareness,2023-06-14,2023-09-10,1302800
CAMP013,Consideration_SMS_013,SMS,Consideration,Lead Generation,2024-06-12,2024-07-20,1251700
CAMP014,Retention_Social Media_014,Social Media,Retention,Retention,2024-02-17,2024-06-20,1569000
CAMP015,Consideration_SMS_015,SMS,Consideration,Brand Awareness,2023-06-19,2023-12-10,1491100
CAMP016,Conversion_Email_016,Email,Conversion,Retention,2024-05-30,2024-11-04,312300
CAMP017,Consideration_SMS_017,SMS,Consideration,Sales,2023-09-22,2023-11-24,1660800
CAMP018,Consideration_SMS_018,SMS,Consideration,Brand Awareness,2023-09-23,2023-12-24,1095300
CAMP019,Retention_SMS_019,SMS,Retention,Lead Generation,2023-08-18,2023-11-30,680000
CAMP020,Retention_Affiliate_020,Affiliate,Retention,Sales,2023-03-18,2023-05-16,1052700
CAMP021,Consideration_Display_021,Display,Consideration,Lead Generation,2024-05-10,2024-07-11,1935600
CAMP022,Retention_Affiliate_022,Affiliate,Retention,Brand Awareness,2023-01-08,2023-03-06,1722200
CAMP023,Consideration_Social Media_023,Social Media,Consideration,App Installs,2023-04-03,2023-09-29,1675700
CAMP024,Conversion_SMS_024,SMS,Conversion,App Installs,2023-05-02,2023-09-18,952400
CAMP025,Retention_Display_025,Display,Retention,Brand Awareness,2023-05-29,2023-10-30,1579000
CAMP026,Consideration_Display_026,Display,Consideration,Lead Generation,2023-03-11,2023-08-08,800900
CAMP027,Conversion_Display_027,Display,Conversion,Lead Generation,2023-01-10,2023-07-02,1388000
CAMP028,Consideration_Display_028,Display,Consideration,App Installs,2023-12-26,2024-01-31,1297100
CAMP029,Awareness_Email_029,Email,Awareness,App Installs,2024-05-28,2024-11-05,537100
CAMP030,Awareness_Email_030,Email,Awareness,App Installs,2023-03-06,2023-04-05,569600
CAMP031,Consideration_Social Media_031,Social Media,Consideration,Retention,2023-06-07,2023-09-11,169200
CAMP032,Retention_Email_032,Email,Retention,App Installs,2023-09-26,2024-01-19,322500
CAMP033,Awareness_Display_033,Display,Awareness,Lead Generation,2024-05-06,2024-07-22,895500
CAMP034,Consideration_Affiliate_034,Affiliate,Consideration,Brand Awareness,2024-01-03,2024-02-15,981800
CAMP035,Conversion_Affiliate_035,Affiliate,Conversion,App Installs,2024-02-11,2024-04-01,371900
CAMP036,Awareness_Display_036,Display,Awareness,Retention,2023-11-04,2024-04-03,862900
CAMP037,Conversion_SMS_037,SMS,Conversion,Retention,2023-08-10,2023-10-19,1228100
CAMP038,Consideration_Display_038,Display,Consideration,Lead Generation,2023-04-16,2023-06-24,503500
CAMP039,Retention_Email_039,Email,Retention,Lead Generation,2024-04-03,2024-09-17,709500
CAMP040,Conversion_SMS_040,SMS,Conversion,Brand Awareness,2024-03-02,2024-04-14,766600
CAMP041,Conversion_Affiliate_041,Affiliate,Conversion,Brand Awareness,2023-01-14,2023-06-29,1034800
CAMP042,Awareness_Affiliate_042,Affiliate,Awareness,Sales,2024-01-15,2024-06-30,764400
CAMP043,Consideration_Display_043,Display,Consideration,Sales,2023-02-14,2023-06-09,1487000
CAMP044,Retention_Display_044,Display,Retention,Lead Generation,2024-01-27,2024-03-13,688600
CAMP045,Awareness_Email_045,Email,Awareness,Lead Generation,2024-03-13,2024-04-26,896000
CAMP046,Retention_Display_046,Display,Retention,Retention,2023-03-11,2023-05-15,789900
CAMP047,Consideration_SMS_047,SMS,Consideration,Sales,2023-08-18,2023-12-08,406600
CAMP048,Conversion_Paid Search_048,Paid Search,Conversion,Retention,2023-03-07,2023-04-20,1387100
CAMP049,Conversion_Affiliate_049,Affiliate,Conversion,Retention,2023-10-28,2024-01-28,509100
CAMP050,Consideration_Email_050,Email,Consideration,Lead Generation,2024-05-06,2024-06-13,628900
CAMP051,Consideration_Paid Search_051,Paid Search,Consideration,Lead Generation,2023-02-12,2023-05-29,1595800
CAMP052,Conversion_Display_052,Display,Conversion,Retention,2023-07-30,2023-08-22,1900200
CAMP053,Awareness_Influencer_053,Influencer,Awareness,App Installs,2024-05-30,2024-10-10,1358100
CAMP054,Conversion_Social Media_054,Social Media,Conversion,Lead Generation,2023-06-09,2023-07-07,1836800
CAMP055,Awareness_Social Media_055,Social Media,Awareness,App Installs,2023-03-12,2023-05-02,1715600
CAMP056,Conversion_Paid Search_056,Paid Search,Conversion,Sales,2023-09-16,2023-11-02,987700
CAMP057,Conversion_Influencer_057,Influencer,Conversion,Retention,2023-09-27,2024-02-26,1552000
CAMP058,Awareness_SMS_058,SMS,Awareness,Lead Generation,2023-12-18,2024-01-15,690300
CAMP059,Retention_Email_059,Email,Retention,Retention,2023-06-16,2023-09-12,947900
CAMP060,Consideration_Social Media_060,Social Media,Consideration,Retention,2024-05-21,2024-09-12,1094000
CAMP061,Retention_SMS_061,SMS,Retention,Brand Awareness,2023-10-04,2024-01-14,1922900
CAMP062,Awareness_Email_062,Email,Awareness,Brand Awareness,2023-06-01,2023-10-07,1704600
CAMP063,Awareness_SMS_063,SMS,Awareness,Sales,2024-05-23,2024-10-18,1004000
CAMP064,Consideration_Social Media_064,Social Media,Consideration,Brand Awareness,2024-05-05,2024-07-26,1322500
CAMP065,Awareness_Influencer_065,Influencer,Awareness,Lead Generation,2023-09-22,2024-02-21,444500
CAMP066,Consideration_Paid Search_066,Paid Search,Consideration,Sales,2023-01-14,2023-03-25,1618500
CAMP067,Conversion_Display_067,Display,Conversion,Retention,2023-11-13,2024-05-08,1128400
CAMP068,Awareness_Affiliate_068,Affiliate,Awareness,Retention,2023-10-22,2024-01-30,1088800
CAMP069,Conversion_Email_069,Email,Conversion,Brand Awareness,2023-03-20,2023-08-04,1544200
CAMP070,Awareness_Display_070,Display,Awareness,Retention,2023-12-03,2024-05-11,1284100
CAMP071,Awareness_Display_071,Display,Awareness,Brand Awareness,2024-03-21,2024-08-14,191300
CAMP072,Conversion_SMS_072,SMS,Conversion,App Installs,2023-02-26,2023-08-01,611900
CAMP073,Retention_Influencer_073,Influencer,Retention,Retention,2024-01-19,2024-05-03,394600
CAMP074,Awareness_Affiliate_074,Affiliate,Awareness,Retention,2023-03-16,2023-04-11,1483000
CAMP075,Consideration_Paid Search_075,Paid Search,Consideration,Lead Generation,2024-02-01,2024-05-09,118500
CAMP076,Retention_Paid Search_076,Paid Search,Retention,Retention,2023-08-11,2023-09-29,444600
CAMP077,Retention_Paid Search_077,Paid Search,Retention,Brand Awareness,2023-01-04,2023-06-15,1215000
CAMP078,Conversion_SMS_078,SMS,Conversion,Sales,2024-05-27,2024-07-23,1404800
CAMP079,Consideration_Paid Search_079,Paid Search,Consideration,Sales,2023-03-29,2023-05-24,1031400
CAMP080,Consideration_Social Media_080,Social Media,Consideration,Lead Generation,2023-11-12,2024-01-10,1728400
CAMP081,Conversion_Paid Search_081,Paid Search,Conversion,Brand Awareness,2023-04-07,2023-08-07,1841900
CAMP082,Conversion_Email_082,Email,Conversion,App Installs,2024-05-09,2024-08-28,307600
CAMP083,Consideration_Email_083,Email,Consideration,Lead Generation,2024-01-27,2024-07-16,1907300
CAMP084,Awareness_Email_084,Email,Awareness,App Installs,2024-03-02,2024-05-27,1248000
CAMP085,Awareness_SMS_085,SMS,Awareness,Sales,2023-08-18,2023-10-22,1290600
CAMP086,Retention_SMS_086,SMS,Retention,Lead Generation,2023-09-05,2023-10-02,235400
CAMP087,Consideration_Affiliate_087,Affiliate,Consideration,Retention,2023-12-03,2023-12-24,1262600
CAMP088,Consideration_Display_088,Display,Consideration,Brand Awareness,2024-02-20,2024-05-09,1465100
CAMP089,Consideration_SMS_089,SMS,Consideration,App Installs,2024-03-24,2024-09-08,1182500
CAMP090,Retention_Social Media_090,Social Media,Retention,App Installs,2023-01-10,2023-04-23,214700
CAMP091,Awareness_Influencer_091,Influencer,Awareness,Lead Generation,2023-12-18,2024-05-28,1070200
CAMP092,Awareness_Display_092,Display,Awareness,Lead Generation,2023-02-27,2023-04-04,1875000
CAMP093,Consideration_Influencer_093,Influencer,Consideration,Brand Awareness,2023-06-02,2023-07-06,1460600
CAMP094,Consideration_Social Media_094,Social Media,Consideration,Retention,2024-03-15,2024-08-15,317900
CAMP095,Conversion_Display_095,Display,Conversion,Retention,2023-05-13,2023-06-19,1921800
CAMP096,Consideration_Affiliate_096,Affiliate,Consideration,Lead Generation,2024-02-27,2024-03-26,1919800
CAMP097,Consideration_Display_097,Display,Consideration,Brand Awareness,2023-09-03,2023-11-26,380300
CAMP098,Retention_Display_098,Display,Retention,Brand Awareness,2023-05-04,2023-10-18,1611700
CAMP099,Awareness_Social Media_099,Social Media,Awareness,Brand Awareness,2023-06-27,2023-11-04,843000
CAMP100,Conversion_Paid Search_100,Paid Search,Conversion,Retention,2023-10-09,2023-11-13,1207600
